City_ID,City,Country,Date,Lat,Lng,Max Temp,Humidity,Cloudiness,Wind Speed
0,New Norfolk,AU,2021-04-07 01:54:47,-42.7826,147.0587,69.01,52,20,5.75
1,Shimoda,JP,2021-04-07 01:52:16,34.6667,138.95,57.2,62,20,10.36
2,Allahganj,IN,2021-04-07 01:54:47,27.55,79.6833,81.75,13,64,8.41
3,General Roca,AR,2021-04-07 01:54:47,-39.0333,-67.5833,69.8,43,20,6.91
4,Grand Bank,CA,2021-04-07 01:54:48,47.0999,-55.765,39.76,97,100,11.92
5,Andrews,US,2021-04-07 01:54:48,32.3187,-102.5457,80.6,7,1,13.8
6,Vaini,TO,2021-04-07 01:51:38,-21.2,-175.2,80.6,74,20,10.36
7,Nelson Bay,AU,2021-04-07 01:54:48,-32.7167,152.15,75.2,73,40,10.36
8,Pacific Grove,US,2021-04-07 01:54:49,36.6177,-121.9166,55.4,71,90,10.36
9,Jamestown,US,2021-04-07 01:52:26,42.097,-79.2353,62.6,51,1,5.75
10,Nuuk,GL,2021-04-07 01:54:49,64.1835,-51.7216,26.6,100,90,12.66
11,Tazovskiy,RU,2021-04-07 01:54:50,67.4667,78.7,24.82,93,100,16.46
12,Nikolskoye,RU,2021-04-07 01:51:45,59.7035,30.7861,32.0,86,0,6.71
13,Kapaa,US,2021-04-07 01:52:44,22.0752,-159.319,75.2,64,75,21.85
14,Hithadhoo,MV,2021-04-07 01:52:18,-0.6,73.0833,82.47,64,44,9.1
15,Tautira,PF,2021-04-07 01:54:50,-17.7333,-149.15,86.0,54,20,8.05
16,Tromso,NO,2021-04-07 01:54:51,69.6496,18.957,33.8,86,90,25.32
17,Sitka,US,2021-04-07 01:54:51,57.0531,-135.33,37.4,81,90,6.91
18,Leningradskiy,RU,2021-04-07 01:54:51,69.3833,178.4167,-2.79,87,17,9.91
19,Khatanga,RU,2021-04-07 01:54:52,71.9667,102.5,-2.7,98,99,6.82
20,Kavieng,PG,2021-04-07 01:54:52,-2.5744,150.7967,84.29,68,95,8.46
21,Cocorit,MX,2021-04-07 01:54:52,27.5833,-109.9667,77.0,44,40,9.22
22,Zaykovo,RU,2021-04-07 01:54:53,57.5613,62.7568,28.92,93,12,3.8
23,Richards Bay,ZA,2021-04-07 01:54:53,-28.783,32.0377,67.86,90,98,6.89
24,Lagoa,PT,2021-04-07 01:54:53,39.05,-27.9833,59.68,84,22,1.59
25,Bethel,US,2021-04-07 01:54:54,41.3712,-73.414,54.0,53,1,4.09
26,Krasne,UA,2021-04-07 01:54:54,49.9145,24.6134,28.4,93,75,6.71
27,Puerto Ayora,EC,2021-04-07 01:54:54,-0.7393,-90.3518,78.01,89,81,4.94
28,Ushuaia,AR,2021-04-07 01:54:55,-54.8,-68.3,46.4,87,75,5.75
29,Haapiti,PF,2021-04-07 01:54:55,-17.5667,-149.8667,86.0,54,20,8.05
30,Castro,BR,2021-04-07 01:54:55,-24.7911,-50.0119,59.22,97,89,6.98
31,Indaiatuba,BR,2021-04-07 01:54:56,-23.0903,-47.2181,69.01,88,0,14.97
32,Lavrentiya,RU,2021-04-07 01:52:47,65.5833,-171.0,6.71,81,6,1.88
33,Lebu,CL,2021-04-07 01:54:56,-37.6167,-73.65,56.41,91,100,4.81
34,Tuktoyaktuk,CA,2021-04-07 01:54:56,69.4541,-133.0374,-7.6,77,75,6.91
35,Mataura,NZ,2021-04-07 01:54:57,-46.1927,168.8643,60.01,76,81,11.01
36,Fortuna,US,2021-04-07 01:54:57,40.5982,-124.1573,52.0,87,1,10.36
37,Albany,US,2021-04-07 01:53:24,42.6001,-73.9662,53.6,40,20,6.91
38,Upernavik,GL,2021-04-07 01:54:58,72.7868,-56.1549,3.88,95,100,11.34
39,Alice Springs,AU,2021-04-07 01:52:33,-23.7,133.8833,84.99,30,0,10.36
40,Butaritari,KI,2021-04-07 01:52:09,3.0707,172.7902,79.77,81,100,13.71
41,Nanortalik,GL,2021-04-07 01:54:58,60.1432,-45.2371,34.97,98,100,14.76
42,Mount Isa,AU,2021-04-07 01:52:38,-20.7333,139.5,89.6,33,10,10.36
43,Takoradi,GH,2021-04-07 01:52:01,4.8845,-1.7554,80.01,88,13,5.59
44,El Alto,PE,2021-04-07 01:54:59,-4.2714,-81.2147,70.3,81,100,7.07
45,Mayo,US,2021-04-07 01:54:59,38.8876,-76.5119,57.0,67,1,3.44
46,Laguna,US,2021-04-07 01:54:59,38.421,-121.4238,73.4,28,1,8.05
47,Bambanglipuro,ID,2021-04-07 01:52:29,-7.95,110.2833,83.05,72,66,4.29
48,Saskylakh,RU,2021-04-07 01:55:00,71.9167,114.0833,11.21,90,98,7.16
49,East London,ZA,2021-04-07 01:52:07,-33.0153,27.9116,64.2,85,78,10.58
50,Perth,AU,2021-04-07 01:50:56,-31.9333,115.8333,75.99,64,0,3.44
51,Dikson,RU,2021-04-07 01:51:55,73.5069,80.5464,-4.43,99,91,6.49
52,Biak,ID,2021-04-07 01:55:01,-0.9131,122.8766,84.33,64,1,1.86
53,Cape Town,ZA,2021-04-07 01:51:37,-33.9258,18.4232,62.01,94,0,5.75
54,Busselton,AU,2021-04-07 01:55:01,-33.65,115.3333,68.0,82,99,1.99
55,Methoni,GR,2021-04-07 01:55:01,36.8197,21.7049,54.0,87,3,3.44
56,Qaanaaq,GL,2021-04-07 01:55:02,77.484,-69.3632,-1.25,73,98,5.01
57,Jumla,NP,2021-04-07 01:55:04,29.2747,82.1838,56.05,39,42,3.47
58,Aklavik,CA,2021-04-07 01:52:50,68.2191,-135.0107,3.2,66,100,3.44
59,Forio,IT,2021-04-07 01:55:05,40.7342,13.8646,55.99,58,16,1.99
60,Rikitea,PF,2021-04-07 01:51:45,-23.1203,-134.9692,77.29,68,14,10.8
61,Guangyuan,CN,2021-04-07 01:55:05,32.442,105.823,68.0,78,74,1.01
62,Taltal,CL,2021-04-07 01:55:05,-25.4,-70.4833,67.77,77,7,5.86
63,Qaqortoq,GL,2021-04-07 01:55:06,60.7167,-46.0333,33.8,93,90,2.3
64,Broome,US,2021-04-07 01:53:45,42.2506,-75.833,51.8,20,1,8.05
65,Tiksi,RU,2021-04-07 01:55:06,71.6872,128.8694,0.52,85,12,5.17
66,Hilo,US,2021-04-07 01:50:28,19.7297,-155.09,69.8,83,90,5.75
67,Hobart,AU,2021-04-07 01:55:07,-42.8794,147.3294,69.01,52,20,5.75
68,Shingu,JP,2021-04-07 01:55:07,33.7333,135.9833,59.0,63,20,12.66
69,Axim,GH,2021-04-07 01:52:01,4.8699,-2.2405,79.65,89,6,5.08
70,Mahebourg,MU,2021-04-07 01:53:18,-20.4081,57.7,75.2,94,75,12.66
71,Nam Som,TH,2021-04-07 01:55:08,17.7704,102.1895,78.01,83,75,2.3
72,Avarua,CK,2021-04-07 01:55:08,-21.2078,-159.775,82.4,65,92,10.36
73,Yellowknife,CA,2021-04-07 01:55:08,62.456,-114.3525,15.8,73,90,14.97
74,Soyung,PH,2021-04-07 01:55:09,16.7001,121.6655,78.17,67,34,4.63
75,Pevek,RU,2021-04-07 01:52:25,69.7008,170.3133,-9.99,92,99,4.92
76,Talnakh,RU,2021-04-07 01:55:09,69.4865,88.3972,15.1,99,97,4.14
77,Ilulissat,GL,2021-04-07 01:55:10,69.2167,-51.1,17.6,73,90,11.5
78,Saint-Philippe,RE,2021-04-07 01:55:10,-21.3585,55.7679,75.2,64,0,6.91
79,Bambous Virieux,MU,2021-04-07 01:55:10,-20.3428,57.7575,75.2,94,75,12.66
80,Yuzhnyy,RU,2021-04-07 01:55:10,53.2542,83.6936,37.4,75,0,4.47
81,Soure,BR,2021-04-07 01:52:31,-0.7167,-48.5233,79.63,82,27,9.48
82,Makakilo City,US,2021-04-07 01:55:11,21.3469,-158.0858,78.8,41,40,10.36
83,Port Blair,IN,2021-04-07 01:55:11,11.6667,92.75,83.12,69,52,1.28
84,Barrow,US,2021-04-07 01:52:46,71.2906,-156.7887,-5.8,77,75,10.36
85,Mar Del Plata,AR,2021-04-07 01:53:16,-38.0023,-57.5575,70.0,94,40,11.5
86,Bluff,NZ,2021-04-07 01:55:12,-46.6,168.3333,60.01,76,71,11.01
87,Rabo De Peixe,PT,2021-04-07 01:55:12,37.8,-25.5833,57.2,94,20,3.44
88,El Higo,MX,2021-04-07 01:55:12,21.7667,-98.4667,76.48,66,83,11.68
89,Shalinskoye,RU,2021-04-07 01:55:13,55.7228,93.7594,35.87,97,100,4.7
90,Urumqi,CN,2021-04-07 01:55:13,43.801,87.6005,53.6,40,0,2.24
91,Cayenne,GF,2021-04-07 01:55:14,4.9333,-52.3333,77.0,94,75,6.91
92,Fethiye,TR,2021-04-07 01:55:14,36.6217,29.1164,51.8,93,20,4.61
93,Meridian,US,2021-04-07 01:51:17,43.6121,-116.3915,62.6,21,1,5.75
94,Bredasdorp,ZA,2021-04-07 01:55:15,-34.5322,20.0403,60.8,94,26,2.28
95,Georgetown,MY,2021-04-07 01:55:15,5.4112,100.3354,82.4,89,20,3.44
96,Bratsk,RU,2021-04-07 01:55:15,56.1325,101.6142,42.8,52,100,6.71
97,Hit,IQ,2021-04-07 01:55:16,33.6416,42.8251,68.05,32,17,7.63
98,Bengkulu,ID,2021-04-07 01:55:16,-3.8004,102.2655,81.52,67,73,4.05
99,Ribeira Grande,PT,2021-04-07 01:55:16,38.5167,-28.7,59.88,88,7,8.32
100,Thompson,CA,2021-04-07 01:50:52,55.7435,-97.8558,39.2,56,20,5.75
101,Kyshtovka,RU,2021-04-07 01:55:17,56.555,76.6271,32.72,89,100,12.71
102,Punta Arenas,CL,2021-04-07 01:51:43,-53.15,-70.9167,48.0,87,100,8.99
103,Carnarvon,AU,2021-04-07 01:52:15,-24.8667,113.6333,78.8,73,100,14.97
104,Karratha,AU,2021-04-07 01:55:17,-20.7377,116.8463,90.93,32,7,10.78
105,Flinders,AU,2021-04-07 01:55:18,-34.5833,150.8552,75.0,84,41,1.01
106,Rio Esteban,HN,2021-04-07 01:55:18,15.8333,-86.3,78.8,89,75,3.44
107,Koslan,RU,2021-04-07 01:55:19,63.4564,48.8989,34.72,90,100,9.93
108,Longyearbyen,SJ,2021-04-07 01:51:44,78.2186,15.6401,12.2,73,75,20.71
109,Novyy Urengoy,RU,2021-04-07 01:55:19,66.0833,76.6333,28.89,96,100,14.92
110,Chokurdakh,RU,2021-04-07 01:53:53,70.6333,147.9167,-0.49,74,100,2.28
111,Kharp,RU,2021-04-07 01:55:20,66.8014,65.8081,12.81,90,12,3.49
112,Magadan,RU,2021-04-07 01:55:20,59.5667,150.8,20.46,74,83,0.89
113,Sorland,NO,2021-04-07 01:55:21,67.667,12.6934,33.78,73,100,30.27
114,Katsuura,JP,2021-04-07 01:52:52,35.1333,140.3,61.0,62,40,5.75
115,Road Town,VG,2021-04-07 01:53:22,18.4167,-64.6167,77.0,87,95,8.99
116,Airai,TL,2021-04-07 01:53:44,-8.9266,125.4092,72.79,62,79,2.28
117,Dunmore Town,BS,2021-04-07 01:55:21,25.5,-76.65,69.69,55,92,9.04
118,Codrington,AU,2021-04-07 01:55:22,-38.2667,141.9667,70.7,44,0,5.1
119,Cidreira,BR,2021-04-07 01:55:22,-30.1811,-50.2056,73.0,80,0,15.95
120,Nalut,LY,2021-04-07 01:55:22,30.3333,10.85,58.26,45,2,9.6
121,Port Alfred,ZA,2021-04-07 01:55:23,-33.5906,26.891,61.99,84,60,7.29
122,Severnoye,RU,2021-04-07 01:55:23,56.3491,78.3619,30.79,87,100,12.95
123,Grindavik,IS,2021-04-07 01:55:23,63.8424,-22.4338,24.8,74,75,6.91
124,Solvychegodsk,RU,2021-04-07 01:55:24,61.3305,46.9156,35.26,89,100,8.61
125,Faanui,PF,2021-04-07 01:55:24,-16.4833,-151.75,81.01,62,74,10.69
126,Guerrero Negro,MX,2021-04-07 01:55:24,27.9769,-114.0611,62.37,73,80,15.01
127,Kaitangata,NZ,2021-04-07 01:53:25,-46.2817,169.8464,62.01,68,92,13.0
128,Tezu,IN,2021-04-07 01:52:13,27.9167,96.1667,85.53,20,17,2.17
129,San Pedro Buenavista,MX,2021-04-07 01:55:25,16.0833,-93.1167,84.2,54,90,6.91
130,Los Llanos De Aridane,ES,2021-04-07 01:55:25,28.6585,-17.9182,66.2,63,75,1.14
131,Mahajanga,MG,2021-04-07 01:55:25,-15.7167,46.3167,73.4,88,20,5.75
132,Ust-Tsilma,RU,2021-04-07 01:55:26,65.441,52.1498,34.25,88,22,9.69
133,Atuona,PF,2021-04-07 01:51:46,-9.8,-139.0333,81.23,78,100,10.94
134,Kodiak,US,2021-04-07 01:51:58,57.79,-152.4072,39.2,65,75,8.05
135,Ketchikan,US,2021-04-07 01:55:26,55.3422,-131.6461,35.6,100,90,6.82
136,Port Elizabeth,ZA,2021-04-07 01:52:34,-33.918,25.5701,55.4,94,0,4.61
137,Asau,RO,2021-04-07 01:55:27,46.4333,26.4,35.01,60,100,3.0
138,Bereda,ES,2021-04-07 01:55:27,43.2686,-7.5406,42.01,90,76,11.01
139,Havoysund,NO,2021-04-07 01:55:28,70.9963,24.6622,33.8,100,75,13.8
140,Pa Sang,TH,2021-04-07 01:55:28,18.5262,98.9394,77.0,73,20,8.05
141,Trairi,BR,2021-04-07 01:54:07,-3.2778,-39.2689,76.96,90,10,9.17
142,Oriximina,BR,2021-04-07 01:54:22,-1.7656,-55.8661,77.09,80,64,2.66
143,Eureka,US,2021-04-07 01:55:28,40.8021,-124.1637,52.0,75,97,1.99
144,Aksu,CN,2021-04-07 01:51:54,41.1231,80.2644,52.05,37,100,6.44
145,La Rioja,ES,2021-04-07 01:55:29,42.25,-2.5,41.0,56,20,10.36
146,Dabakala,CI,2021-04-07 01:55:29,8.3667,-4.4333,77.72,72,100,4.97
147,Ibb,YE,2021-04-07 01:54:49,13.9667,44.1833,59.94,24,29,5.08
148,Muros,ES,2021-04-07 01:55:30,42.7762,-9.0603,51.01,65,2,19.66
149,Vila Velha,BR,2021-04-07 01:54:44,-20.3297,-40.2925,78.01,94,20,4.61
150,Vao,NC,2021-04-07 01:55:30,-22.6667,167.4833,75.9,64,100,13.06
151,Primorsk,UA,2021-04-07 01:55:31,46.7348,36.3443,46.15,93,92,8.61
152,Hermanus,ZA,2021-04-07 01:51:46,-34.4187,19.2345,55.99,95,82,6.82
153,Paita,PE,2021-04-07 01:55:31,-5.0892,-81.1144,71.38,82,97,9.75
154,Atar,MR,2021-04-07 01:55:31,20.5169,-13.0499,77.27,24,3,8.66
155,Cossato,IT,2021-04-07 01:55:32,45.5739,8.1817,36.0,76,53,4.09
156,Baturaja,ID,2021-04-07 01:55:32,-4.1333,104.1667,81.84,74,82,2.39
157,Constitucion,CL,2021-04-07 01:55:32,-35.3333,-72.4167,56.05,86,96,5.59
158,Emba,KZ,2021-04-07 01:55:33,48.8264,58.1442,39.38,71,55,7.31
159,Kruisfontein,ZA,2021-04-07 01:53:39,-34.0033,24.7314,57.22,83,97,7.16
160,Torbay,CA,2021-04-07 01:55:33,47.6666,-52.7314,36.0,100,90,10.36
161,Kahului,US,2021-04-07 01:55:34,20.8947,-156.47,75.2,57,40,14.97
162,Katobu,ID,2021-04-07 01:55:34,-4.9408,122.5276,87.12,61,12,4.38
163,Honningsvag,NO,2021-04-07 01:55:34,70.9821,25.9704,32.02,89,100,22.17
164,Charters Towers,AU,2021-04-07 01:55:35,-20.1,146.2667,87.24,40,0,4.74
165,Tasiilaq,GL,2021-04-07 01:55:35,65.6145,-37.6368,24.8,74,75,4.61
166,Provideniya,RU,2021-04-07 01:51:47,64.3833,-173.3,14.0,62,0,6.71
167,San Rafael,AR,2021-04-07 01:55:35,-34.6177,-68.3301,73.8,60,27,14.23
168,Abha,SA,2021-04-07 01:55:36,18.2164,42.5053,62.6,44,0,2.53
169,Warrnambool,AU,2021-04-07 01:51:46,-38.3833,142.4833,65.55,61,0,4.43
170,Marawi,PH,2021-04-07 01:55:36,7.9986,124.2928,84.0,76,100,5.01
171,Cabo San Lucas,MX,2021-04-07 01:55:32,22.8909,-109.9124,82.4,28,1,17.27
172,Port Lincoln,AU,2021-04-07 01:51:58,-34.7333,135.8667,72.95,54,0,7.76
173,Hasaki,JP,2021-04-07 01:55:37,35.7333,140.8333,61.0,51,20,5.75
174,Matagami,CA,2021-04-07 01:55:37,49.7502,-77.6328,41.0,45,90,2.3
175,Pelotas,BR,2021-04-07 01:54:56,-31.7719,-52.3425,71.01,93,17,1.01
176,Pimentel,PE,2021-04-07 01:55:38,-6.8367,-79.9342,69.01,84,88,5.01
177,Touros,BR,2021-04-07 01:55:38,-5.1989,-35.4608,77.0,83,20,3.44
178,Maungatapere,NZ,2021-04-07 01:55:38,-35.75,174.2,73.99,62,100,3.0
179,Saint George,US,2021-04-07 01:55:35,37.1041,-113.5841,71.6,6,1,11.5
180,Rocha,UY,2021-04-07 01:55:39,-34.4833,-54.3333,63.45,96,0,5.44
181,Geraldton,AU,2021-04-07 01:55:39,-28.7667,114.6,73.4,68,48,6.91
182,Chifeng,CN,2021-04-07 01:55:39,42.2683,118.9636,43.99,19,0,4.45
183,Vila Franca Do Campo,PT,2021-04-07 01:55:40,37.7167,-25.4333,57.2,94,20,3.44
184,Cherskiy,RU,2021-04-07 01:53:21,68.75,161.3,-3.15,82,34,3.76
185,Carnot,CF,2021-04-07 01:55:40,4.9409,15.8665,72.18,76,100,1.88
186,Antofagasta,CL,2021-04-07 01:55:40,-23.65,-70.4,66.74,81,47,6.62
187,Yangambi,CD,2021-04-07 01:55:41,0.8102,24.4336,68.9,96,100,3.13
188,Chengde,CN,2021-04-07 01:55:41,40.9725,117.9361,54.09,21,0,3.18
189,College,US,2021-04-07 01:55:41,64.8569,-147.8028,16.0,52,20,2.62
190,Saint Anthony,US,2021-04-07 01:55:42,45.0205,-93.218,59.0,82,40,8.05
191,Bandarbeyla,SO,2021-04-07 01:55:42,9.4942,50.8122,77.2,64,79,7.14
192,Mount Gambier,AU,2021-04-07 01:55:42,-37.8333,140.7667,66.2,59,0,9.22
193,Avera,US,2021-04-07 01:55:43,33.194,-82.5271,64.4,52,1,3.44
194,Hakkari,TR,2021-04-07 01:55:43,37.5833,44.1667,40.05,73,8,1.59
195,Srednekolymsk,RU,2021-04-07 01:55:43,67.45,153.6833,3.9,76,95,9.15
196,Clyde River,CA,2021-04-07 01:54:57,70.4692,-68.5914,3.2,72,1,2.3
197,Lorengau,PG,2021-04-07 01:55:44,-2.0226,147.2712,85.17,70,69,11.52
198,Bonthe,SL,2021-04-07 01:55:44,7.5264,-12.505,78.46,84,79,2.24
199,The Valley,AI,2021-04-07 01:55:44,18.217,-63.0578,80.01,78,20,9.22
200,Aquiraz,BR,2021-04-07 01:55:45,-3.9014,-38.3911,82.4,78,0,9.22
201,Tari,NG,2021-04-07 01:55:45,12.4086,4.4914,83.41,15,0,4.03
202,Deputatskiy,RU,2021-04-07 01:55:46,69.3,139.9,-1.91,87,63,1.05
203,Beringovskiy,RU,2021-04-07 01:55:46,63.05,179.3167,2.59,82,19,7.14
204,Kharan,PK,2021-04-07 01:55:46,28.5833,65.4167,64.56,12,0,6.38
205,Dondo,MZ,2021-04-07 01:55:47,-19.6094,34.7431,67.01,81,57,4.79
206,Mazamari,PE,2021-04-07 01:55:47,-11.3258,-74.5308,68.13,97,80,1.61
207,Khowst,AF,2021-04-07 01:55:47,33.3833,69.8833,54.52,51,0,3.0
208,Piopio,NZ,2021-04-07 01:55:48,-38.4667,175.0167,77.0,40,3,4.0
209,Ngunguru,NZ,2021-04-07 01:55:48,-35.6167,174.5,73.99,62,87,3.0
210,Khorramshahr,IR,2021-04-07 01:55:48,30.4397,48.1664,66.2,55,0,6.91
211,Uyuni,BO,2021-04-07 01:55:49,-20.4597,-66.825,51.62,26,1,5.26
212,Maldonado,UY,2021-04-07 01:55:49,-34.6667,-54.9167,69.8,94,0,9.22
213,Ancud,CL,2021-04-07 01:55:49,-41.8697,-73.8203,54.0,88,96,13.0
214,Komsomolskiy,UZ,2021-04-07 01:55:50,40.4272,71.7189,48.2,76,75,6.91
215,Luderitz,NA,2021-04-07 01:53:23,-26.6481,15.1594,60.64,81,0,12.55
216,Bambari,CF,2021-04-07 01:55:50,5.768,20.6757,76.08,67,100,4.7
217,Moses Lake,US,2021-04-07 01:55:51,47.1301,-119.2781,66.2,19,1,8.05
218,Haines Junction,CA,2021-04-07 01:55:51,60.7522,-137.5108,21.2,42,100,5.75
219,Nyurba,RU,2021-04-07 01:55:51,63.2842,118.3319,20.5,91,100,7.34
220,Nchelenge,ZM,2021-04-07 01:55:52,-9.3451,28.734,66.9,91,100,5.3
221,Ponta Do Sol,PT,2021-04-07 01:55:52,32.6667,-17.1,62.01,71,27,5.01
222,Ostrovnoy,RU,2021-04-07 01:55:52,68.0531,39.5131,28.08,85,76,23.71
223,Comodoro Rivadavia,AR,2021-04-07 01:55:53,-45.8667,-67.5,60.8,82,0,10.36
224,Praya,CV,2021-04-07 01:55:53,14.9215,-23.5087,77.0,41,0,18.41
225,Harper,LR,2021-04-07 01:53:27,4.375,-7.7169,79.12,87,100,2.73
226,Saladoblanco,CO,2021-04-07 01:55:54,1.9924,-76.0434,59.23,96,80,2.64
227,Sao Filipe,CV,2021-04-07 01:55:54,14.8961,-24.4956,75.02,64,0,8.08
228,Fereydunshahr,IR,2021-04-07 01:55:54,32.941,50.121,42.87,41,0,2.13
229,Lima,PE,2021-04-07 01:52:29,-12.0432,-77.0282,75.0,78,0,12.66
230,Burnie,AU,2021-04-07 01:55:55,-41.0667,145.9167,68.0,63,7,5.99
231,Arraial Do Cabo,BR,2021-04-07 01:52:10,-22.9661,-42.0278,73.4,83,75,5.75
232,Hami,CN,2021-04-07 01:55:55,42.8,93.45,60.4,21,85,6.69
233,Quelimane,MZ,2021-04-07 01:55:56,-17.8786,36.8883,73.89,71,96,4.25
234,Namibe,AO,2021-04-07 01:55:56,-15.1961,12.1522,77.09,85,48,3.74
235,Anzio,IT,2021-04-07 01:55:56,41.4853,12.6179,45.0,87,55,1.01
236,Sept-Iles,CA,2021-04-07 01:55:57,50.2001,-66.3821,46.4,93,90,6.91
237,Altay,CN,2021-04-07 01:55:57,47.8667,88.1167,45.91,35,0,3.18
238,Dinard,FR,2021-04-07 01:55:57,48.6314,-2.0614,39.2,65,75,9.22
239,Alofi,NU,2021-04-07 01:55:58,-19.0595,-169.9187,84.2,79,75,10.36
240,Narsaq,GL,2021-04-07 01:52:17,60.9167,-46.05,33.8,93,90,2.3
241,Kropotkin,RU,2021-04-07 01:55:58,45.4375,40.5756,48.6,71,100,11.41
242,Mecca,SA,2021-04-07 01:55:58,21.4267,39.8261,77.14,42,0,1.61
243,Diego De Almagro,CL,2021-04-07 01:55:59,-26.3667,-70.05,65.75,49,3,0.98
244,Port Hedland,AU,2021-04-07 01:55:59,-20.3167,118.5667,95.0,24,13,8.05
245,San Patricio,US,2021-04-07 01:52:09,28.017,-97.5169,72.0,94,90,20.71
246,San Cristobal,VE,2021-04-07 01:56:00,7.7669,-72.225,78.8,78,40,4.61
247,Sitio Novo Do Tocantins,BR,2021-04-07 01:56:00,-5.5183,-47.4611,75.47,82,97,2.75
248,Kargopol,RU,2021-04-07 01:56:00,61.5071,38.9456,27.82,92,89,7.58
249,Chuy,UY,2021-04-07 01:56:01,-33.6971,-53.4616,66.85,90,0,7.38
250,Mao,ES,2021-04-07 01:54:57,39.8885,4.2658,53.6,50,0,18.41
251,Reforma,MX,2021-04-07 01:56:01,18.1,-91.0167,82.36,54,100,11.63
252,Atambua,ID,2021-04-07 01:56:01,-9.1061,124.8925,81.03,70,76,3.67
253,Ichnya,UA,2021-04-07 01:56:02,50.8626,32.3942,39.99,85,100,11.23
254,Tiko,CM,2021-04-07 01:56:02,4.0745,9.3699,77.22,89,100,0.87
255,Usinsk,RU,2021-04-07 01:56:02,65.9939,57.5281,31.01,94,71,15.21
256,Ecoporanga,BR,2021-04-07 01:56:03,-18.3733,-40.8306,66.9,93,54,2.59
257,Seoul,KR,2021-04-07 01:51:15,37.5683,126.9778,60.8,48,1,3.44
258,Vaitape,PF,2021-04-07 01:56:03,-16.5167,-151.75,81.03,62,74,10.6
259,Salalah,OM,2021-04-07 01:56:04,17.0151,54.0924,86.0,8,0,10.36
260,Victoria,HK,2021-04-07 01:52:15,22.2855,114.1577,73.0,77,98,1.99
261,Iquitos,PE,2021-04-07 01:56:04,-3.7481,-73.2472,78.8,89,40,1.14
262,Atasu,KZ,2021-04-07 01:56:05,48.6814,71.6433,41.13,86,100,3.47
263,Buarcos,PT,2021-04-07 01:56:05,40.166,-8.8768,54.0,94,75,2.3
264,Peniche,PT,2021-04-07 01:56:05,39.3558,-9.3811,57.0,87,91,1.99
265,Lang Son,VN,2021-04-07 01:56:06,21.8333,106.7333,76.73,73,100,6.24
266,Shelui,TZ,2021-04-07 01:56:06,-4.3667,34.2,65.34,85,81,5.5
267,Hay River,CA,2021-04-07 01:56:06,60.8156,-115.7999,17.6,73,100,6.91
268,Bathsheba,BB,2021-04-07 01:56:07,13.2167,-59.5167,78.8,65,40,12.66
269,Port Macquarie,AU,2021-04-07 01:52:08,-31.4333,152.9167,75.0,83,75,8.05
270,Opuwo,NA,2021-04-07 01:56:07,-18.0607,13.84,68.65,59,0,6.78
271,Baiyin,CN,2021-04-07 01:56:08,36.5583,104.2081,54.0,61,0,6.71
272,Strezhevoy,RU,2021-04-07 01:54:57,60.7333,77.5889,32.0,100,90,4.47
273,Praia,CV,2021-04-07 01:56:08,14.9215,-23.5087,77.0,41,0,18.41
274,Sawtell,AU,2021-04-07 01:56:08,-30.3833,153.1,71.6,88,90,9.22
275,Staryy Oskol,RU,2021-04-07 01:56:09,51.2967,37.8417,37.96,79,4,9.48
276,Guiglo,CI,2021-04-07 01:55:23,6.5456,-7.4966,72.41,97,88,2.91
277,Kokopo,PG,2021-04-07 01:56:09,-4.352,152.2633,82.27,72,100,8.03
278,Ginda,IN,2021-04-07 01:56:09,30.6945,78.4932,51.4,80,100,7.23
279,Cam Ranh,VN,2021-04-07 01:56:10,11.9214,109.1591,86.0,62,20,10.36
280,Raton,US,2021-04-07 01:56:10,36.9034,-104.4391,57.2,6,1,26.46
281,Okhotsk,RU,2021-04-07 01:56:10,59.3833,143.3,19.08,69,100,6.89
282,Qasigiannguit,GL,2021-04-07 01:56:11,68.8193,-51.1922,17.6,73,90,11.5
283,Iqaluit,CA,2021-04-07 01:51:49,63.7506,-68.5145,19.4,79,90,13.8
284,Bonavista,CA,2021-04-07 01:56:11,48.6499,-53.1147,36.0,100,100,2.3
285,Sohatu,RO,2021-04-07 01:56:12,44.3167,26.5,48.99,70,10,7.61
286,Roald,NO,2021-04-07 01:56:12,62.5833,6.1333,35.01,93,40,8.05
287,Chiang Klang,TH,2021-04-07 01:56:12,19.2938,100.8617,71.01,94,75,3.44
288,Saint-Augustin,CA,2021-04-07 01:56:13,51.226,-58.6502,39.04,88,100,14.52
289,Hofn,IS,2021-04-07 01:56:13,64.2539,-15.2082,23.09,62,98,5.66
290,Marana,US,2021-04-07 01:53:01,32.4367,-111.2254,82.4,9,1,16.11
291,Plouzane,FR,2021-04-07 01:56:13,48.3833,-4.6167,41.0,60,0,13.8
292,Moskovskiy,RU,2021-04-07 01:56:14,55.5991,37.355,41.0,75,0,4.47
293,Turbiv,UA,2021-04-07 01:56:14,49.3479,28.7212,33.46,96,100,10.0
294,Misratah,LY,2021-04-07 01:56:14,32.3754,15.0925,60.33,68,0,7.09
295,Tessalit,ML,2021-04-07 01:56:15,20.1986,1.0114,75.85,7,0,6.4
296,Zaozerne,UA,2021-04-07 01:56:15,45.1582,33.2787,49.53,87,100,6.35
297,Ivanivka,UA,2021-04-07 01:56:15,46.7208,34.553,46.02,96,97,15.19
298,Grand Gaube,MU,2021-04-07 01:56:16,-20.0064,57.6608,75.2,94,75,12.66
299,Puerto Narino,CO,2021-04-07 01:56:16,-3.7703,-70.3831,77.0,100,40,2.3
300,Baculin,PH,2021-04-07 01:56:16,7.4525,126.5842,84.4,69,100,10.09
301,Orlik,RU,2021-04-07 01:56:17,52.5178,99.825,25.48,64,28,2.15
302,Mehamn,NO,2021-04-07 01:56:17,71.0357,27.8492,30.47,89,100,21.81
303,Kutum,SD,2021-04-07 01:56:17,14.2,24.6667,69.33,13,6,3.89
304,Murbad,IN,2021-04-07 01:56:18,19.25,73.4,82.4,78,2,0.72
305,Naze,JP,2021-04-07 01:56:18,28.3667,129.4833,71.6,53,20,19.57
306,Klaksvik,FO,2021-04-07 01:56:18,62.2266,-6.589,28.4,69,20,16.11
307,Pakxe,LA,2021-04-07 01:56:19,15.1167,105.7833,84.2,58,14,13.8
308,Norman Wells,CA,2021-04-07 01:56:19,65.282,-126.8329,10.4,52,75,5.75
309,Miranda,CO,2021-04-07 01:56:19,3.2499,-76.2281,69.8,94,40,2.3
310,Xichang,CN,2021-04-07 01:56:20,27.8964,102.2634,64.0,46,97,3.22
311,Te Anau,NZ,2021-04-07 01:53:40,-45.4167,167.7167,62.47,51,54,0.25
312,Kanniyakumari,IN,2021-04-07 01:56:20,8.0833,77.5667,81.57,75,63,8.37
313,Homer,US,2021-04-07 01:56:20,59.6425,-151.5483,35.01,32,1,5.75
314,Tutoia,BR,2021-04-07 01:56:21,-2.7619,-42.2744,79.05,87,99,6.85
315,Sulangan,PH,2021-04-07 01:56:21,11.1373,123.7228,80.82,72,41,21.3
316,Saldanha,ZA,2021-04-07 01:56:21,-33.0117,17.9442,55.4,88,99,2.3
317,Hailey,US,2021-04-07 01:56:22,43.5196,-114.3153,51.8,37,1,9.22
318,Poya,NC,2021-04-07 01:56:22,-21.35,165.15,84.15,52,77,4.21
319,Egvekinot,RU,2021-04-07 01:56:22,66.3167,-179.1667,3.2,73,2,1.48
320,Asfi,MA,2021-04-07 01:54:55,32.2994,-9.2372,60.55,91,99,2.35
321,Dakar,SN,2021-04-07 01:56:23,14.6937,-17.4441,69.8,64,0,21.85
322,Acajutla,SV,2021-04-07 01:56:23,13.5928,-89.8275,75.0,79,16,1.01
323,Ahipara,NZ,2021-04-07 01:56:23,-35.1667,173.1667,69.22,59,100,8.12
324,Hericourt,FR,2021-04-07 01:56:24,47.5731,6.7614,30.2,86,75,5.75
325,Nome,US,2021-04-07 01:56:24,64.5011,-165.4064,14.0,52,1,5.75
326,Itoman,JP,2021-04-07 01:56:25,26.1247,127.6694,73.4,53,20,20.71
327,Manavalakurichi,IN,2021-04-07 01:56:25,8.1333,77.3,82.4,89,20,4.61
328,Hurghada,EG,2021-04-07 01:52:14,27.2574,33.8129,66.2,30,0,1.14
329,Taoudenni,ML,2021-04-07 01:56:25,22.6783,-3.9836,80.24,13,0,8.3
330,Nkowakowa,ZA,2021-04-07 01:56:26,-23.8878,30.2871,55.4,100,75,13.8
331,Nantucket,US,2021-04-07 01:54:36,41.2835,-70.0995,44.01,86,97,12.08
332,Tara,RU,2021-04-07 01:56:26,56.8944,74.371,31.78,92,100,11.56
333,Acapulco,MX,2021-04-07 01:53:53,16.8634,-99.8901,82.4,69,20,9.22
334,Zhob,PK,2021-04-07 01:56:27,31.3411,69.4481,57.13,15,0,7.16
335,Severo-Kurilsk,RU,2021-04-07 01:56:27,50.6789,156.125,29.3,68,4,5.48
336,Vicuna,CL,2021-04-07 01:56:27,-30.0319,-70.7081,69.98,52,0,0.2
337,Yulara,AU,2021-04-07 01:56:28,-25.2406,130.9889,82.4,28,0,10.36
338,Pisco,PE,2021-04-07 01:56:28,-13.7,-76.2167,71.01,78,0,20.71
339,Wanaka,NZ,2021-04-07 01:56:28,-44.7,169.15,61.0,71,2,5.01
340,Junin,AR,2021-04-07 01:56:29,-34.5838,-60.9433,70.0,40,17,8.16
341,Imbituba,BR,2021-04-07 01:53:27,-28.24,-48.6703,68.0,88,20,7.43
342,Chara,RU,2021-04-07 01:56:29,56.9064,118.2631,17.96,81,86,1.95
343,Badami,IN,2021-04-07 01:56:30,15.915,75.6768,79.92,60,31,5.14
344,Camacha,PT,2021-04-07 01:56:30,33.0833,-16.3333,62.6,82,40,8.05
345,Uusikaupunki,FI,2021-04-07 01:56:31,60.8004,21.4084,37.4,75,0,9.22
346,Ler,SS,2021-04-07 01:56:32,8.3018,30.1418,80.55,54,39,4.18
347,Yining,CN,2021-04-07 01:56:32,29.0361,114.5636,56.53,96,100,3.44
348,Hambantota,LK,2021-04-07 01:56:32,6.1241,81.1185,75.2,100,20,3.44
349,Mareeba,AU,2021-04-07 01:56:33,-17.0,145.4333,90.0,68,27,1.99
350,Olafsvik,IS,2021-04-07 01:56:33,64.8945,-23.7142,30.2,76,100,12.97
351,Uruzgan,AF,2021-04-07 01:56:33,32.8333,66.0,47.82,29,0,6.24
352,Rongcheng,CN,2021-04-07 01:56:34,30.634,117.8517,55.72,86,100,2.33
353,Ridgecrest,US,2021-04-07 01:56:34,35.6225,-117.6709,79.0,17,18,10.6
354,Lazaro Cardenas,MX,2021-04-07 01:52:01,17.9583,-102.2,76.84,70,35,5.26
355,Petatlan,MX,2021-04-07 01:56:34,17.5167,-101.2667,76.06,76,0,2.59
356,Wellington,NZ,2021-04-07 01:56:35,-41.2866,174.7756,64.99,88,90,14.97
357,Aberdeen,GB,2021-04-07 01:56:35,57.1437,-2.0981,33.01,80,75,11.5
358,Edgewater,US,2021-04-07 01:56:35,28.9889,-80.9023,68.0,68,1,5.75
359,Altayskoye,RU,2021-04-07 01:56:36,51.9533,85.3325,36.54,98,100,2.35
360,Nuevo Progreso,MX,2021-04-07 01:56:36,23.1667,-97.95,73.99,77,4,1.99
361,Mahibadhoo,MV,2021-04-07 01:56:36,3.7833,72.9667,82.63,65,96,6.49
362,Pelym,RU,2021-04-07 01:56:37,61.0108,61.9978,32.13,89,100,2.17
363,Beihai,CN,2021-04-07 01:56:37,21.4833,109.1,76.44,80,98,14.79
364,Ulaangom,MN,2021-04-07 01:56:38,49.9811,92.0667,45.05,24,0,2.35
365,Alta Floresta,BR,2021-04-07 01:56:38,-9.8756,-56.0861,72.09,93,82,2.62
366,Hamilton,US,2021-04-07 01:52:45,39.1834,-84.5333,66.0,67,1,4.47
367,Kongwa,TZ,2021-04-07 01:56:38,-6.2,36.4167,64.6,98,85,2.46
368,Yei,SS,2021-04-07 01:56:39,4.095,30.6779,66.92,87,86,3.8
369,Mayumba,GA,2021-04-07 01:56:39,-3.432,10.6554,77.99,88,100,4.9
370,Hobara,JP,2021-04-07 01:52:08,37.8167,140.55,61.0,40,44,7.27
371,Tambura,SS,2021-04-07 01:56:40,5.6,27.4667,70.11,84,97,1.7
372,Caravelas,BR,2021-04-07 01:52:05,-17.7125,-39.2481,74.21,72,36,4.45
373,Murgab,TM,2021-04-07 01:56:40,37.4966,61.9714,53.6,66,75,4.61
374,Tocopilla,CL,2021-04-07 01:56:40,-22.092,-70.1979,70.59,74,10,12.95
375,Banda Aceh,ID,2021-04-07 01:56:41,5.5577,95.3222,81.91,75,100,8.16
376,Miyako,JP,2021-04-07 01:56:41,39.6367,141.9525,46.29,61,99,6.35
377,Lata,PT,2021-04-07 01:56:41,40.1629,-8.3327,54.0,84,56,2.73
378,Namatanai,PG,2021-04-07 01:56:42,-3.6667,152.4333,83.95,72,100,5.55
379,Alekseyevsk,RU,2021-04-07 01:53:22,57.8406,108.3492,36.93,99,100,6.17
380,Moranbah,AU,2021-04-07 01:56:42,-22.0016,148.0466,83.46,53,31,9.31
381,Muravlenko,RU,2021-04-07 01:56:42,63.7898,74.523,29.64,94,100,18.41
382,Chapais,CA,2021-04-07 01:56:43,49.7834,-74.8492,41.0,70,1,2.3
383,Isabela,PH,2021-04-07 01:56:43,6.7085,121.9711,86.0,70,40,5.75
384,Araouane,ML,2021-04-07 01:56:43,18.9048,-3.5265,78.21,9,0,7.45
385,Coihaique,CL,2021-04-07 01:56:44,-45.5752,-72.0662,47.64,94,25,5.73
386,San Vicente,AR,2021-04-07 01:56:44,-26.6167,-54.1333,59.86,85,4,2.64
387,Xuddur,SO,2021-04-07 01:56:45,4.1213,43.8894,73.42,82,2,11.65
388,Moyale,KE,2021-04-07 01:56:45,3.5167,39.0584,67.06,81,35,5.03
389,Bilma,NE,2021-04-07 01:56:45,18.6853,12.9164,78.13,6,0,3.62
390,Coalinga,US,2021-04-07 01:56:46,36.1397,-120.3602,75.0,35,100,3.42
391,Nizhniy Baskunchak,RU,2021-04-07 01:56:46,48.2198,46.8311,38.41,87,0,8.19
392,Antalaha,MG,2021-04-07 01:56:46,-14.9003,50.2788,75.15,92,57,3.87
393,Esik,KZ,2021-04-07 01:56:47,43.3552,77.4525,46.4,71,90,6.71
394,Palmer,US,2021-04-07 01:56:47,42.1584,-72.3287,59.0,36,40,8.05
395,Evensk,RU,2021-04-07 01:54:12,61.95,159.2333,19.54,57,100,5.75
396,San Luis,AR,2021-04-07 01:56:47,-33.295,-66.3356,69.48,61,0,9.53
397,Constantine,DZ,2021-04-07 01:56:48,36.365,6.6147,42.8,87,0,2.3
398,Tabuk,PH,2021-04-07 01:56:48,17.4189,121.4443,80.02,59,17,6.13
399,Aripuana,BR,2021-04-07 01:56:48,-9.1667,-60.6333,73.78,94,85,0.98
400,Rio Grande,BR,2021-04-07 01:55:30,-32.035,-52.0986,71.01,93,12,1.01
401,Sohag,EG,2021-04-07 01:56:49,26.557,31.6948,64.4,19,0,6.91
402,Paamiut,GL,2021-04-07 01:56:49,61.994,-49.6678,32.77,98,100,9.35
403,Nandyal,IN,2021-04-07 01:56:50,15.4833,78.4833,81.81,46,13,3.96
404,Dingle,PH,2021-04-07 01:56:50,10.9995,122.6711,84.22,62,46,13.2
405,Waddan,LY,2021-04-07 01:56:50,29.1614,16.139,59.29,67,0,7.67
406,Sinegorye,RU,2021-04-07 01:56:51,62.0788,150.477,10.44,76,90,2.8
407,Karpogory,RU,2021-04-07 01:56:51,64.0019,44.4451,30.6,95,100,4.7
408,Estevan,CA,2021-04-07 01:56:51,49.1334,-102.9842,53.6,22,1,4.61
409,Port Moresby,PG,2021-04-07 01:56:52,-9.4431,147.1797,89.6,62,40,17.27
410,Tuatapere,NZ,2021-04-07 01:56:52,-46.1333,167.6833,60.01,76,32,11.01
411,Plettenberg Bay,ZA,2021-04-07 01:56:52,-34.0527,23.3716,62.58,72,0,4.97
412,Saint-Pierre,RE,2021-04-07 01:56:53,-21.3393,55.4781,75.2,64,0,6.91
413,Bani,DO,2021-04-07 01:56:53,18.2833,-70.3333,72.0,90,89,4.0
414,Berbera,SO,2021-04-07 01:56:53,10.4396,45.0143,76.71,74,100,3.47
415,Ferrol,ES,2021-04-07 01:56:54,43.4832,-8.2369,50.0,71,40,9.22
416,Sijunjung,ID,2021-04-07 01:56:54,-0.6876,100.9537,80.67,67,98,2.13
417,Broken Hill,AU,2021-04-07 01:56:54,-31.95,141.4333,73.4,27,0,10.36
418,Husavik,IS,2021-04-07 01:56:55,66.0449,-17.3389,10.4,85,0,3.44
419,Katherine,AU,2021-04-07 01:56:55,-14.4667,132.2667,89.6,48,0,8.05
420,Ruteng,ID,2021-04-07 01:56:56,-8.6136,120.4721,69.82,81,100,1.99
421,Colina,BR,2021-04-07 01:56:56,-20.7133,-48.5408,65.21,94,76,6.53
422,Sinnamary,GF,2021-04-07 01:56:56,5.3833,-52.95,78.19,87,100,11.39
423,Sola,VU,2021-04-07 01:56:57,-13.8833,167.55,81.19,72,89,10.56
424,Lasa,IT,2021-04-07 01:56:57,46.6166,10.7002,28.0,73,0,4.61
425,Molochnoye,RU,2021-04-07 01:56:57,59.2917,39.6787,32.49,97,100,5.14
426,Laiwu,CN,2021-04-07 01:56:58,36.1928,117.6569,64.42,30,100,6.67
427,Barauna,BR,2021-04-07 01:56:58,-5.08,-37.6167,76.42,70,21,8.25
428,Vardo,NO,2021-04-07 01:56:58,70.3705,31.1107,32.58,77,68,25.3
429,Kirakira,SB,2021-04-07 01:56:58,-10.4544,161.9205,80.6,85,77,14.65
430,Wufeng,CN,2021-04-07 01:56:59,27.45,104.8333,45.39,86,100,3.18
431,Dawei,MM,2021-04-07 01:56:59,14.0833,98.2,81.18,78,81,2.73
432,Truckee,US,2021-04-07 01:52:51,39.328,-120.1833,55.4,38,1,10.36
433,Aksarka,RU,2021-04-07 01:57:00,66.5606,67.7975,22.73,95,99,5.7
434,Souillac,MU,2021-04-07 01:57:00,-20.5167,57.5167,75.2,94,75,12.66
435,Chute-Aux-Outardes,CA,2021-04-07 01:57:00,49.1168,-68.399,48.2,87,90,9.22
436,Alugan,PH,2021-04-07 01:57:01,12.2188,125.4808,82.0,64,29,13.82
437,Thinadhoo,MV,2021-04-07 01:57:01,0.5333,72.9333,83.37,59,88,5.97
438,Zuwarah,LY,2021-04-07 01:57:01,32.9312,12.082,61.86,62,0,9.8
439,Launceston,AU,2021-04-07 01:57:02,-41.45,147.1667,69.01,52,17,10.36
440,Fairbanks,US,2021-04-07 01:57:02,64.8378,-147.7164,16.0,62,1,6.91
441,Villamontes,BO,2021-04-07 01:57:02,-21.25,-63.5,74.23,82,72,1.81
442,Margate,GB,2021-04-07 01:57:03,51.3813,1.3862,36.0,60,12,5.99
443,Sharlyk,RU,2021-04-07 01:57:03,52.9167,54.75,33.96,97,100,13.87
444,Derbent,RU,2021-04-07 01:57:04,42.0678,48.2899,46.8,63,6,8.63
445,Tateyama,JP,2021-04-07 01:57:04,34.9833,139.8667,57.2,62,20,10.36
446,Vanavara,RU,2021-04-07 01:57:04,60.34,102.2797,35.62,98,100,9.04
447,Port Augusta,AU,2021-04-07 01:57:05,-32.5,137.7667,82.0,50,0,8.05
448,Yeppoon,AU,2021-04-07 01:57:05,-23.1333,150.7333,80.6,61,20,9.22
449,Masuri,KR,2021-04-07 01:57:05,35.8488,128.1492,66.2,32,1,2.3
450,Kikwit,CD,2021-04-07 01:53:01,-5.041,18.8162,72.12,93,100,1.21
451,Yar-Sale,RU,2021-04-07 01:57:06,66.8333,70.8333,14.29,95,69,10.11
452,Yeniseysk,RU,2021-04-07 01:55:09,58.4497,92.1703,35.51,83,100,7.96
453,Merauke,ID,2021-04-07 01:55:07,-8.4667,140.3333,81.09,78,100,5.32
454,Khandbari,NP,2021-04-07 01:57:06,27.3747,87.2039,75.02,23,0,1.68
455,La Ligua,CL,2021-04-07 01:57:07,-32.4524,-71.2311,61.21,70,0,2.08
456,Dunedin,NZ,2021-04-07 01:57:07,-45.8742,170.5036,60.01,71,96,18.01
457,Westport,US,2021-04-07 01:57:08,41.1415,-73.3579,60.8,29,1,9.22
458,Portland,US,2021-04-07 01:55:17,45.5234,-122.6762,64.99,34,1,6.91
459,Port-Gentil,GA,2021-04-07 01:57:08,-0.7193,8.7815,80.02,83,100,5.82
460,Doha,QA,2021-04-07 01:55:24,25.2867,51.5333,71.6,46,0,6.91
461,Balsas,BR,2021-04-07 01:57:09,-7.5325,-46.0356,74.84,78,5,2.26
462,Carauari,BR,2021-04-07 01:57:09,-4.8828,-66.8958,74.19,98,100,2.44
463,Luanda,AO,2021-04-07 01:53:43,-8.8368,13.2343,77.0,88,75,4.61
464,Marathon,US,2021-04-07 01:57:09,44.9,-89.7668,66.2,77,90,8.05
465,Naifaru,MV,2021-04-07 01:57:10,5.4444,73.3657,83.12,68,100,7.52
466,Metro,ID,2021-04-07 01:57:10,-5.1131,105.3067,81.95,73,91,5.32
467,Jalu,LY,2021-04-07 01:57:11,29.0331,21.5482,60.6,69,98,14.2
468,Pembroke,CA,2021-04-07 01:55:01,45.8168,-77.1162,50.0,25,1,2.73
469,Lompoc,US,2021-04-07 01:57:11,34.6391,-120.4579,55.4,76,100,10.36
470,Marquette,US,2021-04-07 01:57:11,46.5333,-87.6335,42.01,90,97,1.99
471,Suntar,RU,2021-04-07 01:57:12,62.1444,117.6319,25.74,92,100,6.02
472,Imeni Poliny Osipenko,RU,2021-04-07 01:57:12,52.4201,136.4853,26.78,78,100,15.88
473,Berdigestyakh,RU,2021-04-07 01:57:12,62.0989,126.6992,9.97,77,76,7.23
474,Pangkalanbuun,ID,2021-04-07 01:57:13,-2.6833,111.6167,87.35,58,82,4.76
475,Pine Bluff,US,2021-04-07 01:54:20,34.2284,-92.0032,71.6,60,40,6.91
476,Maragogi,BR,2021-04-07 01:53:44,-9.0122,-35.2225,77.72,81,99,9.37
477,Caceres,ES,2021-04-07 01:57:13,39.522,-6.3748,51.01,64,94,1.48
478,Adrar,MR,2021-04-07 01:57:14,20.5022,-10.0711,75.79,21,2,10.33
479,San Joaquin,US,2021-04-07 01:57:14,37.9333,-121.3011,73.4,33,1,8.05
480,Izvestkovyy,RU,2021-04-07 01:57:14,48.9833,131.55,23.86,45,100,11.92
481,Sioux Falls,US,2021-04-07 01:57:15,43.55,-96.7003,53.01,76,75,10.36
482,Bilibino,RU,2021-04-07 01:57:15,68.0546,166.4372,3.87,72,17,1.32
483,Ekibastuz,KZ,2021-04-07 01:57:15,51.6667,75.3667,33.98,96,100,4.32
484,Pangnirtung,CA,2021-04-07 01:57:16,66.1451,-65.7125,12.96,73,61,5.99
485,Tura,IN,2021-04-07 01:57:16,25.5198,90.2201,82.08,26,0,7.29
486,Nabire,ID,2021-04-07 01:57:16,-3.3667,135.4833,82.69,72,98,1.7
487,Cairns,AU,2021-04-07 01:57:17,-16.9167,145.7667,90.0,62,90,3.44
488,Faqirwali,PK,2021-04-07 01:57:17,29.4663,73.034,67.73,55,0,5.08
489,Itatskiy,RU,2021-04-07 01:57:17,56.07,89.0369,34.54,80,97,10.0
490,Awjilah,LY,2021-04-07 01:57:18,29.1081,21.2869,59.77,73,96,13.31
491,Falun,SE,2021-04-07 01:57:18,60.6036,15.626,36.0,75,40,8.05
492,Korla,CN,2021-04-07 01:57:18,41.7597,86.1469,56.37,26,97,11.65
493,Nishihara,JP,2021-04-07 01:57:19,26.1842,127.7558,73.4,53,20,17.27
494,Porto Franco,BR,2021-04-07 01:57:19,-6.3383,-47.3992,74.48,86,71,1.95
495,La Baule-Escoublac,FR,2021-04-07 01:54:55,47.2922,-2.364,37.99,81,0,4.61
496,Solnechnyy,RU,2021-04-07 01:57:20,50.7214,136.6319,28.17,59,94,6.51
497,Manchester,GB,2021-04-07 01:56:11,53.4809,-2.2374,30.0,86,0,1.14
498,Yazman,PK,2021-04-07 01:57:20,29.1212,71.7446,69.53,49,0,5.86
499,Xining,CN,2021-04-07 01:57:20,36.6167,101.7667,40.73,60,18,1.5
500,Polewali,ID,2021-04-07 01:57:21,-3.4324,119.3435,87.4,58,63,3.78
501,Skelleftea,SE,2021-04-07 01:57:21,64.7507,20.9528,34.0,86,90,10.36
502,Turayf,SA,2021-04-07 01:57:21,31.6725,38.6637,64.4,25,75,20.71
503,Sisophon,KH,2021-04-07 01:57:22,13.5859,102.9737,86.5,58,77,3.15
504,Puerto Escondido,MX,2021-04-07 01:57:22,15.85,-97.0667,82.4,74,90,6.91
505,Buala,SB,2021-04-07 01:57:22,-8.145,159.5921,77.05,90,100,8.32
506,Goderich,CA,2021-04-07 01:55:33,43.7501,-81.7165,64.4,52,92,4.61
507,Padang,ID,2021-04-07 01:57:23,-0.9492,100.3543,80.6,89,20,1.14
508,Luz,BR,2021-04-07 01:57:23,-19.8014,-45.6856,66.56,91,100,0.49
509,Fort Frances,CA,2021-04-07 01:55:30,48.5999,-93.4003,48.0,36,1,6.51
510,Raudeberg,NO,2021-04-07 01:57:24,61.9875,5.1352,35.01,92,100,24.72
511,Araguacu,BR,2021-04-07 01:57:24,-12.9306,-49.8264,74.75,83,99,4.29
512,Vila,PT,2021-04-07 01:57:24,42.0304,-8.1588,43.0,85,93,1.01
513,Anloga,GH,2021-04-07 01:57:25,5.7947,0.8973,77.0,78,20,8.05
514,Goundam,ML,2021-04-07 01:57:25,16.4145,-3.6708,79.65,6,0,8.75
515,Timberlake,US,2021-04-07 01:57:25,37.3207,-79.2575,64.4,45,1,4.72
516,Port-Cartier,CA,2021-04-07 01:57:26,50.0334,-66.8654,46.4,93,90,6.91
517,Trebnje,SI,2021-04-07 01:57:26,45.9042,15.0217,24.8,93,85,4.61
518,Cravo Norte,CO,2021-04-07 01:57:26,6.3017,-70.2041,79.38,77,100,3.13
519,Ambilobe,MG,2021-04-07 01:55:08,-13.2,49.05,73.02,96,76,3.13
520,Saraland,US,2021-04-07 01:57:27,30.8207,-88.0706,66.99,85,2,5.17
521,Esperance,AU,2021-04-07 01:53:59,-33.8667,121.9,68.0,77,90,10.36
522,Barmer,IN,2021-04-07 01:57:27,25.75,71.3833,72.72,47,0,2.66
523,Mana,GF,2021-04-07 01:57:28,5.6592,-53.7767,77.76,87,100,7.9
524,La Ronge,CA,2021-04-07 01:57:28,55.1001,-105.2842,46.4,39,36,5.75
525,Meulaboh,ID,2021-04-07 01:57:28,4.1363,96.1285,79.56,80,99,1.54
526,Beisfjord,NO,2021-04-07 01:57:29,68.3751,17.5988,30.2,93,90,4.61
527,Dhankuta,NP,2021-04-07 01:57:29,26.9833,87.3333,72.14,23,0,4.61
528,Oxford,GB,2021-04-07 01:57:13,51.7522,-1.256,28.0,93,5,4.61
529,Kapit,MY,2021-04-07 01:57:30,2.0167,112.9333,81.45,85,63,0.83
530,Sironj,IN,2021-04-07 01:57:30,24.1,77.7,85.86,16,0,11.25
